publisher,downloads
Elsevier,2016
Springer-Verlag,1102
Nature Publishing Group,488
Institute of Electrical and Electronics Engineers,487
American Chemical Society,371
Wiley Blackwell (John Wiley & Sons),345
Wiley Blackwell (Blackwell Publishing),340
The Royal Society of Chemistry,216
Informa UK (Taylor & Francis),208
SAGE Publications,72
American Physical Society,68
JSTOR,65
Oxford University Press,63
American Institute of Physics,48
American Association for the Advancement of Science (AAAS),41
Informa UK (Informa Healthcare),39
IOP Publishing,38
Emerald (MCB UP ),35
Trans Tech Publications,32
Annual Reviews,30
Cold Spring Harbor Laboratory Press,27
New England Journal of Medicine,24
Mary Ann Liebert,23
Springer (Kluwer Academic Publishers),23
BMJ,23
Cambridge University Press,22
Canadian Science Publishing,22
American Medical Association,21
Institution of Electrical Engineers,20
Japan Society of Applied Physics,18
The Optical Society,17
Pleiades Publishing,16
American Institute of Aeronautics and Astronautics,15
Informa UK (Ashley Publications),15
Proceedings of the National Academy of Sciences,15
Elsevier - Academic Press,15
Association for Computing Machinery,14
"Informa Healthcare (Expert Reviews, LTD)",14
Elsevier - WB Saunders,14
SPIE - International Society for Optical Engineering,13
American Society for Microbiology,13
American Society of Civil Engineers,12
World Scientific,12
Walter de Gruyter GmbH,12
Springer (Biomed Central Ltd.),12
The Electrochemical Society,11
Ovid Technologies (Wolters Kluwer) - Lippincott Williams & Wilkins,10
Nature Publishing Group - Macmillan Publishers,9
S. Karger AG,9
American Association for Cancer Research,9
Ovid Technologies Wolters Kluwer -American Heart Association,9
Maney Publishing,9
American Geophysical Union,8
American Society of Clinical Oncology,8
Future Medicine,8
Springer - Humana Press,8
Brill Academic Publishers,7
American Society for Biochemistry and Molecular Biology,7
Society for Industrial and Applied Mathematics,7
Springer - Adis,7
Journal of Neurosurgery Publishing Group,6
De Gruyter Open Sp. z o.o.,6
Geological Society of America,6
Geological Society of London,6
American Vacuum Society,6
American Scientific Publishers,6
Bentham Science,6
MDPI AG,6
Society of Exploration Geophysicists,6
American Physiological Society,6
American Thoracic Society,6
The Royal Society,5
Thieme Publishing Group,5
Turpion,5
Wiley Blackwell (Blackwell Publishing - Munksgaard),5
Woodhead Publishing,5
Journal of Bone and Joint Surgery,5
The Endocrine Society,5
ASME International,5
American Dairy Science Association,5
American Academy of Periodontology,5
MIT Press,4
Oldenbourg Wissenschaftsverlag,4
American Diabetes Association,4
Thomas Telford Ltd.,4
Acoustical Society of America,4
Society for Leukocyte Biology,4
"Future Science, LTD",4
Medknow Publications,4
International Union of Crystallography,3
CSIRO Publishing,3
M.E. Sharpe,3
American Association of Physics Teachers,3
The Rockefeller University Press,3
Hindawi Publishing Corporation,3
Mark Allen Group,3
The University of Chicago Press,3
Society for Neuroscience,3
Inderscience Enterprises Ltd.,3
Elsevier - Mosby,3
American Academy of Pediatrics,3
Ecological Society of America,3
American Veterinary Medical Association,3
Duke University Press,3
American Meteorological Society,3
American Fisheries Society,3
American Psychological Association,3
American Dental Association,3
Landes Bioscience,2
American Society of Plant Biologists,2
Journal of Orthopaedic & Sports Physical Therapy,2
Ammons Scientific,2
Spandidos Publications,2
Microbiology Society,2
Society of Petroleum Engineers,2
American Marketing Association,2
Muse - Johns Hopkins University Press,2
Society for the Study of Reproduction,2
Society for Sedimentary Geology,2
American Society for Nutrition,2
Ovid Technologies (Wolters Kluwer) - American Academy of Neurology,2
Scientific Societies,2
Science Reviews 2000 LTD.,2
American Society for Cell Biology,2
American Educational Research Association,2
Public Library of Science,2
Berkeley Electronic Press,2
The Company of Biologists,2
Allerton Press,2
Data Trace Publishing Company,2
Alphamed Press,2
American Academy of Orthopaedic Surgeons,2
Vilnius Gediminas Technical University,2
European Respiratory Society,2
Federation of American Society for Experimental Biology,2
BioOne (Academy of Natural Sciences of Philadelphia),2
The Royal Society of Medicine,2
American Association of Physicists in Medicine,2
BioOne (Entomological Society of America),2
Frontiers Media SA,2
The Academy of Management,2
"Informa UK (Haworth Press, Inc.,)",2
Informa UK (Marcel Dekker),2
Institute for Operations Research and the Management Sciences,2
Radiological Society of North America,2
The Genetics Society of America,1
American Institute of Ultrasound in Medicine,1
Research Information Ltd,1
Agricultural Institute of Canada,1
Research Publishing Services - Professional Engineering Publishing,1
Royal College of Psychiatrists,1
American Psychiatric Publishing,1
American Physical Therapy Association,1
Wiley Blackwell (New York Academy of Sciences),1
Springer Fachmedien Wiesbaden GmbH,1
American Journal of Comparative Law,1
The Journal of AOAC International,1
Transcript Verlag,1
American Mathematical Society,1
American Accounting Association,1
American Association of Pharmaceutical Scientists,1
Society of Rheology,1
Springer Publishing Company,1
American Economic Association,1
Springer - Society of Surgical Oncology,1
MyJoVE Corporation,1
Project Hope,1
BioOne (Society for Freshwater Science),1
BioOne (American Society of Mammalogists),1
IWA Publishing,1
IP Publishing,1
IOS Press,1
BioOne (Chelonian Conservation and Biology Journal),1
Harvey Whitney Books Co.,1
Hamad bin Khalifa University Press (HBKU Press),1
BioOne (Missouri Botanical Garden Press),1
GeoScienceWorld,1
BioOne (National Shellfisheries Association),1
Elsevier- Churchill Livingstone,1
Poultry Science Association,1
BioOne (Society for the Study of Evolution),1
Elsevier - Institution of Chemical Engineers,1
Elsevier - Biophysical Society,1
BioOne (The Raptor Research Foundation),1
BioScientifica (Society for Endocrinology),1
Earthquake Engineering Research Institute,1
Bioscientifica,1
Botanic Garden & Botanical Museum Berlin-Dahlem BGBM,1
CABI Publishing,1
Cambridge University Press (Materials Research Society),1
Informa UK (American Statistical Association),1
BioOne (American Society of Icthyologists and Herpetologists),1
BioOne (American Malacological Society),1
Informa UK (Librapharm),1
American Roentgen Ray Society,1
Physical Society of Japan,1
"American Society for Biochemistry and Molecular Biology, Journal of Lipid Research",1
Ovid Technologies (Wolters Kluwer) - Triological Society,1
American Society for Enology and Viticulture,1
Ovid Technologies (Wolters Kluwer) - International Pediatric Research Foundation,1
American Society for Pharmacology & Experimental Therapeutics,1
American Society for Photogrammetry and Remote Sensing,1
National Taiwan University,1
Cambridge University Press (Entomological Society of Canada),1
Museum and Institute of Zoology at the Polish Academy of Sciences,1
American Society of Health System Pharmacists,1
American Society of Hematology,1
Journal of Histochemistry & Cytochemistry,1
Japanese Society of Allergology,1
Atlantis Press,1
"Japan Society for Bioscience, Biotechnology, and Agrochemistry",1
JTE Multimedia LLC,1
Baywood Publishing,1
BioOne (American Association of Zoo Veterinarians),1
Informa UK (PharmaProjects),1
IBM,1
